[
  {
    "address": 40100,
    "name": "CONTROL BOARD OUTPUTS State",
    "description": "CONTROL BOARD OUTPUTS - 5",
    "unit": "State",
    "category": "General",
    "type": "Discrete",
    "min": 0,
    "max": 1,
    "defaultValue": 0
  },
  {
    "address": 40101,
    "name": "Fuel",
    "description": "DS1 - Discrete",
    "unit": "State",
    "category": "General",
    "type": "Discrete",
    "min": 0,
    "max": 1,
    "defaultValue": 0
  },
  {
    "address": 40102,
    "name": "Ignition",
    "description": "DS2 - Discrete",
    "unit": "State",
    "category": "General",
    "type": "Discrete",
    "min": 0,
    "max": 1,
    "defaultValue": 0
  },
  {
    "address": 40103,
    "name": "Start Crank",
    "description": "DS3 - Discrete",
    "unit": "State",
    "category": "General",
    "type": "Discrete",
    "min": 0,
    "max": 1,
    "defaultValue": 0
  },
  {
    "address": 40104,
    "name": "Auxiliary Lube ",
    "description": "DS4 - Discrete",
    "unit": "State",
    "category": "General",
    "type": "Discrete",
    "min": 0,
    "max": 1,
    "defaultValue": 0
  },
  {
    "address": 40001,
    "name": "Suction Stage 1 Pressure",
    "description": "IN1 - 4-20mA",
    "unit": "PSIG",
    "category": "General",
    "type": "Analog",
    "min": 0,
    "max": 1000,
    "defaultValue": 0
  },
  {
    "address": 40002,
    "name": "Discharge Stage 1 Pressure",
    "description": "IN2 - 0-5VDC (ANALOG)",
    "unit": "",
    "category": "General",
    "type": "Analog",
    "min": 0,
    "max": 1000,
    "defaultValue": 0
  },
  {
    "address": 40003,
    "name": "IN3 Param",
    "description": "IN3 - J/K T/C",
    "unit": "\u00b0F",
    "category": "General",
    "type": "Analog",
    "min": 0,
    "max": 1000,
    "defaultValue": 0
  },
  {
    "address": 40004,
    "name": "Discharge Stage 2 Pressure",
    "description": "IN4 - N/C DI",
    "unit": "State",
    "category": "General",
    "type": "Analog",
    "min": 0,
    "max": 1000,
    "defaultValue": 0
  },
  {
    "address": 40005,
    "name": "3rd Stage Suction Pressure",
    "description": "IN5 - N/O DI",
    "unit": "State",
    "category": "General",
    "type": "Analog",
    "min": 0,
    "max": 1000,
    "defaultValue": 0
  },
  {
    "address": 40006,
    "name": "Compressor Lube Oil Pressure",
    "description": "IN7 - Analog",
    "unit": "",
    "category": "Compressor",
    "type": "Analog",
    "min": 0,
    "max": 1000,
    "defaultValue": 0
  },
  {
    "address": 40007,
    "name": "Engine Lube Oil Pressure",
    "description": "IN8 - Analog",
    "unit": "",
    "category": "Engine",
    "type": "Analog",
    "min": 0,
    "max": 1000,
    "defaultValue": 0
  },
  {
    "address": 40105,
    "name": "GD01 Gas Detector- Comp side",
    "description": "IN9 - Discrete",
    "unit": "State",
    "category": "General",
    "type": "Discrete",
    "min": 0,
    "max": 1,
    "defaultValue": 0
  },
  {
    "address": 40106,
    "name": "GD012 Gas Detector- Engine side",
    "description": "IN10 - Discrete",
    "unit": "State",
    "category": "Engine",
    "type": "Discrete",
    "min": 0,
    "max": 1,
    "defaultValue": 0
  },
  {
    "address": 40107,
    "name": "Lube No Flow switch",
    "description": "IN17 - Discrete",
    "unit": "State",
    "category": "General",
    "type": "Discrete",
    "min": 0,
    "max": 1,
    "defaultValue": 0
  },
  {
    "address": 40108,
    "name": "Engine Oil Level LSLL",
    "description": "IN18 - Discrete",
    "unit": "State",
    "category": "Engine",
    "type": "Discrete",
    "min": 0,
    "max": 1,
    "defaultValue": 0
  },
  {
    "address": 40109,
    "name": "Compressor Oil Level LSLL",
    "description": "IN19 - Discrete",
    "unit": "State",
    "category": "Compressor",
    "type": "Discrete",
    "min": 0,
    "max": 1,
    "defaultValue": 0
  },
  {
    "address": 40110,
    "name": "Engine JW water Level LSLL",
    "description": "IN20 - Discrete",
    "unit": "State",
    "category": "Engine",
    "type": "Discrete",
    "min": 0,
    "max": 1,
    "defaultValue": 0
  },
  {
    "address": 40111,
    "name": "Engine Aux Water Level LSLL",
    "description": "IN21 - Discrete",
    "unit": "State",
    "category": "Engine",
    "type": "Discrete",
    "min": 0,
    "max": 1,
    "defaultValue": 0
  },
  {
    "address": 40008,
    "name": "Cooler Vibration VSHH",
    "description": "IN22 - Analog",
    "unit": "",
    "category": "Vibration",
    "type": "Analog",
    "min": 0,
    "max": 1000,
    "defaultValue": 0
  },
  {
    "address": 40009,
    "name": "Compressor Vibration VSHH",
    "description": "IN23 - Analog",
    "unit": "",
    "category": "Compressor",
    "type": "Analog",
    "min": 0,
    "max": 1000,
    "defaultValue": 0
  },
  {
    "address": 40010,
    "name": "Engine Vibration VSHH",
    "description": "IN24 - Analog",
    "unit": "",
    "category": "Engine",
    "type": "Analog",
    "min": 0,
    "max": 1000,
    "defaultValue": 0
  },
  {
    "address": 40112,
    "name": "1st STG Scrubber Level HIGH",
    "description": "IN25 - Discrete",
    "unit": "State",
    "category": "Compressor",
    "type": "Discrete",
    "min": 0,
    "max": 1,
    "defaultValue": 0
  },
  {
    "address": 40113,
    "name": "2nd Stg Scrubber Level HIGH",
    "description": "IN26 - Discrete",
    "unit": "State",
    "category": "Compressor",
    "type": "Discrete",
    "min": 0,
    "max": 1,
    "defaultValue": 0
  },
  {
    "address": 40114,
    "name": "3rd STG Scrubber Level HIGH",
    "description": "IN27 - Discrete",
    "unit": "State",
    "category": "Compressor",
    "type": "Discrete",
    "min": 0,
    "max": 1,
    "defaultValue": 0
  },
  {
    "address": 40115,
    "name": "CEC DSM Fault",
    "description": "IN28 - Discrete",
    "unit": "State",
    "category": "General",
    "type": "Discrete",
    "min": 0,
    "max": 1,
    "defaultValue": 0
  },
  {
    "address": 40116,
    "name": "Engine Started",
    "description": "IN29 - Discrete",
    "unit": "State",
    "category": "Engine",
    "type": "Discrete",
    "min": 0,
    "max": 1,
    "defaultValue": 0
  },
  {
    "address": 40117,
    "name": "Remote Stop USD",
    "description": "IN30 - Discrete",
    "unit": "State",
    "category": "General",
    "type": "Discrete",
    "min": 0,
    "max": 1,
    "defaultValue": 0
  },
  {
    "address": 40118,
    "name": "Station ESD",
    "description": "IN31 - Discrete",
    "unit": "State",
    "category": "General",
    "type": "Discrete",
    "min": 0,
    "max": 1,
    "defaultValue": 0
  },
  {
    "address": 40119,
    "name": "Panel Emergency Stop",
    "description": "IN32 - Discrete",
    "unit": "State",
    "category": "General",
    "type": "Discrete",
    "min": 0,
    "max": 1,
    "defaultValue": 0
  },
  {
    "address": 40011,
    "name": "Suction Control Out",
    "description": "AO1 - Analog",
    "unit": "",
    "category": "General",
    "type": "Analog",
    "min": 0,
    "max": 1000,
    "defaultValue": 0
  },
  {
    "address": 40012,
    "name": "Engine Speed Control Out",
    "description": "AO2 - Analog",
    "unit": "",
    "category": "Engine",
    "type": "Analog",
    "min": 0,
    "max": 1000,
    "defaultValue": 0
  },
  {
    "address": 40013,
    "name": "Recycle Valve Control Out",
    "description": "AO3 - Analog",
    "unit": "",
    "category": "Valves",
    "type": "Analog",
    "min": 0,
    "max": 1000,
    "defaultValue": 0
  },
  {
    "address": 40120,
    "name": "Fuel Valve",
    "description": "DO1 - Discrete",
    "unit": "State",
    "category": "Valves",
    "type": "Discrete",
    "min": 0,
    "max": 1,
    "defaultValue": 0
  },
  {
    "address": 40121,
    "name": "Not Used",
    "description": "DO2 - Discrete",
    "unit": "State",
    "category": "General",
    "type": "Discrete",
    "min": 0,
    "max": 1,
    "defaultValue": 0
  },
  {
    "address": 40122,
    "name": "Bypass Valve Open",
    "description": "DO3 - Discrete",
    "unit": "State",
    "category": "Valves",
    "type": "Discrete",
    "min": 0,
    "max": 1,
    "defaultValue": 0
  },
  {
    "address": 40123,
    "name": "Blowdown Valve Close",
    "description": "DO4 - Discrete",
    "unit": "State",
    "category": "Valves",
    "type": "Discrete",
    "min": 0,
    "max": 1,
    "defaultValue": 0
  },
  {
    "address": 40124,
    "name": "RUN STATUS",
    "description": "DO5 - Discrete",
    "unit": "State",
    "category": "General",
    "type": "Discrete",
    "min": 0,
    "max": 1,
    "defaultValue": 0
  },
  {
    "address": 40125,
    "name": "ALARM HORN",
    "description": "DO6 - Discrete",
    "unit": "State",
    "category": "General",
    "type": "Discrete",
    "min": 0,
    "max": 1,
    "defaultValue": 0
  },
  {
    "address": 40126,
    "name": "ALARM STATUS",
    "description": "DO7 - Discrete",
    "unit": "State",
    "category": "General",
    "type": "Discrete",
    "min": 0,
    "max": 1,
    "defaultValue": 0
  },
  {
    "address": 40127,
    "name": "FAULT STATUS",
    "description": "DO8 - Discrete",
    "unit": "State",
    "category": "General",
    "type": "Discrete",
    "min": 0,
    "max": 1,
    "defaultValue": 0
  },
  {
    "address": 40014,
    "name": "Engine RPM",
    "description": "RPM1 - Analog",
    "unit": "",
    "category": "Engine",
    "type": "Analog",
    "min": 0,
    "max": 1000,
    "defaultValue": 0
  },
  {
    "address": 40015,
    "name": "COMPRESSOR OIL TEMP",
    "description": "IN1 - Analog",
    "unit": "",
    "category": "Compressor",
    "type": "Analog",
    "min": 0,
    "max": 1000,
    "defaultValue": 0
  },
  {
    "address": 40016,
    "name": "CYL#1 DISCHARGE TEMP",
    "description": "IN2 - Analog",
    "unit": "",
    "category": "Compressor",
    "type": "Analog",
    "min": 0,
    "max": 1000,
    "defaultValue": 0
  },
  {
    "address": 40017,
    "name": "CYL#2 DISCHARGE TEMP",
    "description": "IN3 - Analog",
    "unit": "",
    "category": "Compressor",
    "type": "Analog",
    "min": 0,
    "max": 1000,
    "defaultValue": 0
  },
  {
    "address": 40018,
    "name": "CYL#3 DISCHARGE TEMP",
    "description": "IN4 - Analog",
    "unit": "",
    "category": "Compressor",
    "type": "Analog",
    "min": 0,
    "max": 1000,
    "defaultValue": 0
  },
  {
    "address": 40019,
    "name": "CYL#4 DISCHARGE TEMP",
    "description": "IN5 - Analog",
    "unit": "",
    "category": "Compressor",
    "type": "Analog",
    "min": 0,
    "max": 1000,
    "defaultValue": 0
  },
  {
    "address": 40020,
    "name": "ENGINE OIL TEMP",
    "description": "IN9 - Analog",
    "unit": "",
    "category": "Engine",
    "type": "Analog",
    "min": 0,
    "max": 1000,
    "defaultValue": 0
  },
  {
    "address": 40021,
    "name": "ENGINE JACKET WATER TEMP",
    "description": "IN10 - Analog",
    "unit": "",
    "category": "Engine",
    "type": "Analog",
    "min": 0,
    "max": 1000,
    "defaultValue": 0
  },
  {
    "address": 40128,
    "name": "Engine ESD Right Side",
    "description": "IN11 - Discrete",
    "unit": "State",
    "category": "Engine",
    "type": "Discrete",
    "min": 0,
    "max": 1,
    "defaultValue": 0
  },
  {
    "address": 40129,
    "name": "Engine ESD Left Side",
    "description": "IN12 - Discrete",
    "unit": "State",
    "category": "Engine",
    "type": "Discrete",
    "min": 0,
    "max": 1,
    "defaultValue": 0
  },
  {
    "address": 40130,
    "name": "ENGINE EXHAUST CYL 1 Left",
    "description": "IN17 - Discrete",
    "unit": "State",
    "category": "Engine",
    "type": "Discrete",
    "min": 0,
    "max": 1,
    "defaultValue": 0
  },
  {
    "address": 40131,
    "name": "ENGINE EXHAUST CYL 2 Left",
    "description": "IN18 - Discrete",
    "unit": "State",
    "category": "Engine",
    "type": "Discrete",
    "min": 0,
    "max": 1,
    "defaultValue": 0
  },
  {
    "address": 40132,
    "name": "ENGINE EXHAUST CYL 3 Left",
    "description": "IN19 - Discrete",
    "unit": "State",
    "category": "Engine",
    "type": "Discrete",
    "min": 0,
    "max": 1,
    "defaultValue": 0
  },
  {
    "address": 40133,
    "name": "ENGINE EXHAUST CYL 4 Left",
    "description": "IN20 - Discrete",
    "unit": "State",
    "category": "Engine",
    "type": "Discrete",
    "min": 0,
    "max": 1,
    "defaultValue": 0
  },
  {
    "address": 40134,
    "name": "ENGINE EXHAUST CYL 5 Left",
    "description": "IN21 - Discrete",
    "unit": "State",
    "category": "Engine",
    "type": "Discrete",
    "min": 0,
    "max": 1,
    "defaultValue": 0
  },
  {
    "address": 40135,
    "name": "ENGINE EXHAUST CYL 6 Left",
    "description": "IN22 - Discrete",
    "unit": "State",
    "category": "Engine",
    "type": "Discrete",
    "min": 0,
    "max": 1,
    "defaultValue": 0
  },
  {
    "address": 40136,
    "name": "ENGINE EXHAUST CYL 1 Right",
    "description": "IN23 - Discrete",
    "unit": "State",
    "category": "Engine",
    "type": "Discrete",
    "min": 0,
    "max": 1,
    "defaultValue": 0
  },
  {
    "address": 40137,
    "name": "ENGINE EXHAUST CYL 2 Right",
    "description": "IN24 - Discrete",
    "unit": "State",
    "category": "Engine",
    "type": "Discrete",
    "min": 0,
    "max": 1,
    "defaultValue": 0
  },
  {
    "address": 40138,
    "name": "ENGINE EXHAUST CYL 3 Right",
    "description": "IN25 - Discrete",
    "unit": "State",
    "category": "Engine",
    "type": "Discrete",
    "min": 0,
    "max": 1,
    "defaultValue": 0
  },
  {
    "address": 40139,
    "name": "ENGINE EXHAUST CYL 4 Right",
    "description": "IN26 - Discrete",
    "unit": "State",
    "category": "Engine",
    "type": "Discrete",
    "min": 0,
    "max": 1,
    "defaultValue": 0
  },
  {
    "address": 40140,
    "name": "ENGINE EXHAUST CYL 5 Right",
    "description": "IN27 - Discrete",
    "unit": "State",
    "category": "Engine",
    "type": "Discrete",
    "min": 0,
    "max": 1,
    "defaultValue": 0
  },
  {
    "address": 40141,
    "name": "ENGINE EXHAUST CYL 6 Right",
    "description": "IN28 - Discrete",
    "unit": "State",
    "category": "Engine",
    "type": "Discrete",
    "min": 0,
    "max": 1,
    "defaultValue": 0
  },
  {
    "address": 40142,
    "name": "ENGINE EXHAUST PRE TURBO Left",
    "description": "IN29 - Discrete",
    "unit": "State",
    "category": "Engine",
    "type": "Discrete",
    "min": 0,
    "max": 1,
    "defaultValue": 0
  },
  {
    "address": 40143,
    "name": "ENGINE EXHAUST PRE TURBO Right",
    "description": "IN30 - Discrete",
    "unit": "State",
    "category": "Engine",
    "type": "Discrete",
    "min": 0,
    "max": 1,
    "defaultValue": 0
  },
  {
    "address": 40144,
    "name": "ENGINE AIR MANIFOLD Left",
    "description": "IN31 - Discrete",
    "unit": "State",
    "category": "Engine",
    "type": "Discrete",
    "min": 0,
    "max": 1,
    "defaultValue": 0
  },
  {
    "address": 40145,
    "name": "ENGINE AIR MANIFOLD Right",
    "description": "IN32 - Discrete",
    "unit": "State",
    "category": "Engine",
    "type": "Discrete",
    "min": 0,
    "max": 1,
    "defaultValue": 0
  },
  {
    "address": 40146,
    "name": "ENGINE PRE LUBE",
    "description": "DO4 - Discrete",
    "unit": "State",
    "category": "Engine",
    "type": "Discrete",
    "min": 0,
    "max": 1,
    "defaultValue": 0
  },
  {
    "address": 40147,
    "name": "STROBE LIGHT RUNNING GREEN",
    "description": "DO5 - Discrete",
    "unit": "State",
    "category": "General",
    "type": "Discrete",
    "min": 0,
    "max": 1,
    "defaultValue": 0
  },
  {
    "address": 40148,
    "name": "STROBE LIGHT ALARM AMBER",
    "description": "DO6 - Discrete",
    "unit": "State",
    "category": "General",
    "type": "Discrete",
    "min": 0,
    "max": 1,
    "defaultValue": 0
  },
  {
    "address": 40149,
    "name": "STROBE LIGHT FAULT RED",
    "description": "DO7 - Discrete",
    "unit": "State",
    "category": "General",
    "type": "Discrete",
    "min": 0,
    "max": 1,
    "defaultValue": 0
  },
  {
    "address": 40150,
    "name": "STROBE LIGHT FLASH",
    "description": "DO8 - Discrete",
    "unit": "State",
    "category": "General",
    "type": "Discrete",
    "min": 0,
    "max": 1,
    "defaultValue": 0
  },
  {
    "address": 40151,
    "name": "SUCTION PRESSURE SWITCH LOW",
    "description": "IN4 - Discrete",
    "unit": "State",
    "category": "General",
    "type": "Discrete",
    "min": 0,
    "max": 1,
    "defaultValue": 0
  },
  {
    "address": 40152,
    "name": "STG 1DISCHARGE PRESSURE SWITCH HIGH",
    "description": "IN5 - Discrete",
    "unit": "State",
    "category": "Compressor",
    "type": "Discrete",
    "min": 0,
    "max": 1,
    "defaultValue": 0
  },
  {
    "address": 40153,
    "name": "STG 2 DISCHARGE PRESSURE SWITCH HIGH",
    "description": "IN6 - Discrete",
    "unit": "State",
    "category": "Compressor",
    "type": "Discrete",
    "min": 0,
    "max": 1,
    "defaultValue": 0
  },
  {
    "address": 40154,
    "name": "COMPRESSOR LUBE OIL PRESSURE LOW SWITCH",
    "description": "IN7 - Discrete",
    "unit": "State",
    "category": "Compressor",
    "type": "Discrete",
    "min": 0,
    "max": 1,
    "defaultValue": 0
  },
  {
    "address": 40155,
    "name": "CYLINDER LUBE PRESSURE LOW SWITCH",
    "description": "IN8 - Discrete",
    "unit": "State",
    "category": "Compressor",
    "type": "Discrete",
    "min": 0,
    "max": 1,
    "defaultValue": 0
  },
  {
    "address": 40156,
    "name": "ENGINE JACKET WATER FLOW SWITCH",
    "description": "IN9 - Discrete",
    "unit": "State",
    "category": "Engine",
    "type": "Discrete",
    "min": 0,
    "max": 1,
    "defaultValue": 0
  },
  {
    "address": 40157,
    "name": "ENGINE LUBE OIL LEVEL LOW SWITCH",
    "description": "IN11 - Discrete",
    "unit": "State",
    "category": "Engine",
    "type": "Discrete",
    "min": 0,
    "max": 1,
    "defaultValue": 0
  },
  {
    "address": 40158,
    "name": "COMP LUBE OIL LEVEL LOW SWITCH",
    "description": "IN12 - Discrete",
    "unit": "State",
    "category": "General",
    "type": "Discrete",
    "min": 0,
    "max": 1,
    "defaultValue": 0
  },
  {
    "address": 40159,
    "name": "STG 1 SCRUBBER LEVEL HIGH SWITCH",
    "description": "IN13 - Discrete",
    "unit": "State",
    "category": "Compressor",
    "type": "Discrete",
    "min": 0,
    "max": 1,
    "defaultValue": 0
  },
  {
    "address": 40160,
    "name": "STG2 SCRUBBER LEVEL HIGH SWITCH",
    "description": "IN14 - Discrete",
    "unit": "State",
    "category": "Compressor",
    "type": "Discrete",
    "min": 0,
    "max": 1,
    "defaultValue": 0
  },
  {
    "address": 40161,
    "name": "LUBE NO FLOW CPI FSLL",
    "description": "IN17 - Discrete",
    "unit": "State",
    "category": "General",
    "type": "Discrete",
    "min": 0,
    "max": 1,
    "defaultValue": 0
  },
  {
    "address": 40162,
    "name": "IGNITION FAULT",
    "description": "IN20 - Discrete",
    "unit": "State",
    "category": "General",
    "type": "Discrete",
    "min": 0,
    "max": 1,
    "defaultValue": 0
  },
  {
    "address": 40022,
    "name": "COMPRESSOR CYLINDER VIBRATION #1",
    "description": "IN21 - Analog",
    "unit": "",
    "category": "Compressor",
    "type": "Analog",
    "min": 0,
    "max": 1000,
    "defaultValue": 0
  },
  {
    "address": 40023,
    "name": "COMPRESSOR CYLINDER VIBRATION #2",
    "description": "IN22 - Analog",
    "unit": "",
    "category": "Compressor",
    "type": "Analog",
    "min": 0,
    "max": 1000,
    "defaultValue": 0
  },
  {
    "address": 40024,
    "name": "COMPRESSOR COOLER VIBRATION #1",
    "description": "IN23 - Analog",
    "unit": "",
    "category": "Compressor",
    "type": "Analog",
    "min": 0,
    "max": 1000,
    "defaultValue": 0
  },
  {
    "address": 40025,
    "name": "COMPRESSOR COOLER VIBRATION#2",
    "description": "IN24 - Analog",
    "unit": "",
    "category": "Compressor",
    "type": "Analog",
    "min": 0,
    "max": 1000,
    "defaultValue": 0
  },
  {
    "address": 40163,
    "name": "REMOTE ESD",
    "description": "IN31 - Discrete",
    "unit": "State",
    "category": "General",
    "type": "Discrete",
    "min": 0,
    "max": 1,
    "defaultValue": 0
  },
  {
    "address": 40164,
    "name": "PANEL EMERGENCY STOP",
    "description": "IN32 - Discrete",
    "unit": "State",
    "category": "General",
    "type": "Discrete",
    "min": 0,
    "max": 1,
    "defaultValue": 0
  },
  {
    "address": 40026,
    "name": "Pre-Turbo Flywheel Exhaust Temp",
    "description": "IN1 - Analog",
    "unit": "",
    "category": "Temperature",
    "type": "Analog",
    "min": 0,
    "max": 1000,
    "defaultValue": 0
  },
  {
    "address": 40027,
    "name": "Post Turbo Flywheel Exhaust Temp",
    "description": "IN2 - Analog",
    "unit": "",
    "category": "Temperature",
    "type": "Analog",
    "min": 0,
    "max": 1000,
    "defaultValue": 0
  },
  {
    "address": 40028,
    "name": "Pre-Turbo Aux End Exhaust Temp",
    "description": "IN3 - Analog",
    "unit": "",
    "category": "Temperature",
    "type": "Analog",
    "min": 0,
    "max": 1000,
    "defaultValue": 0
  },
  {
    "address": 40029,
    "name": "Post Turbo Aux End Exhaust Temp",
    "description": "IN4 - Analog",
    "unit": "",
    "category": "Temperature",
    "type": "Analog",
    "min": 0,
    "max": 1000,
    "defaultValue": 0
  },
  {
    "address": 40030,
    "name": "Engine Bearing 1 Temp",
    "description": "IN5 - Analog",
    "unit": "",
    "category": "Engine",
    "type": "Analog",
    "min": 0,
    "max": 1000,
    "defaultValue": 0
  },
  {
    "address": 40031,
    "name": "Engine Bearing 2 Temp",
    "description": "IN6 - Analog",
    "unit": "",
    "category": "Engine",
    "type": "Analog",
    "min": 0,
    "max": 1000,
    "defaultValue": 0
  },
  {
    "address": 40032,
    "name": "Engine Bearing 3 Temp",
    "description": "IN7 - Analog",
    "unit": "",
    "category": "Engine",
    "type": "Analog",
    "min": 0,
    "max": 1000,
    "defaultValue": 0
  },
  {
    "address": 40033,
    "name": "Engine Bearing 4 Temp",
    "description": "IN8 - Analog",
    "unit": "",
    "category": "Engine",
    "type": "Analog",
    "min": 0,
    "max": 1000,
    "defaultValue": 0
  },
  {
    "address": 40034,
    "name": "Engine Bearing 5 Temp",
    "description": "IN9 - Analog",
    "unit": "",
    "category": "Engine",
    "type": "Analog",
    "min": 0,
    "max": 1000,
    "defaultValue": 0
  },
  {
    "address": 40035,
    "name": "Engine Bearing 6 Temp",
    "description": "IN10 - Analog",
    "unit": "",
    "category": "Engine",
    "type": "Analog",
    "min": 0,
    "max": 1000,
    "defaultValue": 0
  },
  {
    "address": 40036,
    "name": "Engine Bearing 7 Temp",
    "description": "IN11 - Analog",
    "unit": "",
    "category": "Engine",
    "type": "Analog",
    "min": 0,
    "max": 1000,
    "defaultValue": 0
  },
  {
    "address": 40037,
    "name": "Engine Bearing 8 Temp",
    "description": "IN12 - Analog",
    "unit": "",
    "category": "Engine",
    "type": "Analog",
    "min": 0,
    "max": 1000,
    "defaultValue": 0
  },
  {
    "address": 40038,
    "name": "Engine Bearing 9 Temp",
    "description": "IN13 - Analog",
    "unit": "",
    "category": "Engine",
    "type": "Analog",
    "min": 0,
    "max": 1000,
    "defaultValue": 0
  }
]